X1,X2,X3,X4,X5,X6,X7,X8,X9,X10,X11,X12,X13,X14,X15,X16,X17,X18,X19,X20,X21,X22,X23,X24,X25,X26,X27,X28,X29,X30,X31,X32,X33,X34,X35,X36,X37,X38,X39,X40,X41,X42,X43,X44,X45,X46,X47,X48,X49,X50,X51,X52,X53,X54,X55,X56,X57,X58,X59,X60,X61,X62,X63,X64,X65,X66,X67,X68,X69,X70,X71,X72,X73,X74,X75,X76,X77,X78,X79,X80,X81,X82,X83,X84,X85,X86,X87,X88,X89,X90,X91,X92,X93,X94,X95,X96,X97,X98,X99,X100
1.5380890382599217,-0.4562584520644547,-0.2692215910667045,-0.4770557328889874,-0.03262365218109853,-1.5010056452251797,2.495227693539509,-3.4479370719394797,-1.4187691247615974,-2.276133188806117,0.2621787418832339,0.14459639011684028,-1.4459437472475778,0.9595046428147711,-0.010268111649779532,-1.0852586573971732,-0.267529302753693,2.455484724452158,1.6613276757558457,0.2749900446820442,-3.7369577559622784,-1.5270616020140553,0.6426215640430355,-0.40643897709891696,-1.6849273122228383,1.1195755690165645,-1.9713348284663885,1.5550348690445424,-2.9984686066631725,-3.1717165755516374,-2.5375838928719787,-0.31727714249971206,-0.6412859478327432,-4.919185018413429,0.765505235838968,-0.9115986702442229,-0.5909747307702277,1.120293811985167,-1.7625788274031096,-2.68001298696218,-1.8894118151162818,0.3082567894999395,1.1598772158854818,-0.19363415722334865,-0.8016024809295992,0.5578274627752765,-0.8327171874717322,0.33853803829932383,0.2183685851868814,-2.5142749619101865,-0.9354224588590005,0.06424711232131597,2.403167649884341,0.1953747892502604,-1.2909205650194904,-1.1839048130258185,-1.217182908596028,0.3937463859317273,0.15359741556962736,0.295088553189619,1.1912071812113723,1.4358018165590942,-1.1476112868407915,-2.840951789498244,-1.4711915499630808,-2.0647848000894164,0.20723548356669064,2.2390322611840476,-0.40592439580120776,0.01820924236342667,3.884866805165774,-1.8812109035756885,-1.498519595052434,-2.0784007897135313,0.33837438823526456,1.690008183716098,-3.274711511578473,-1.5390024447031085,-1.2108277336936086,0.7082676576727539,-1.108944431816382,-0.9099585978941492,-0.699533472726782,-1.3774467192045332,-4.9282424152384525,-0.8825775376872365,2.226695431711712,0.30087599276491284,-1.5155297399852046,1.0070899604883343,-0.7982452655867129,-1.9070557631871679,-0.3189470669188794,-2.4192828780711344,-2.9444390266100378,0.9862187408194607,1.0954384567554432,2.0569626499811977,-0.04601094452912163,1.083026434592113
0.11941264949256417,-1.6182758747263224,-0.08480411499078325,1.57084781386375,0.9310064493066829,-1.0333959692548869,-0.8635257856610374,0.5683556086389779,0.45716589341901864,-0.7192015023193074,-1.5509633211133727,-1.3329245094546276,0.13817151463654204,-0.1634198227273972,-1.4796838144657243,0.5045907129408237,2.679582867484507,2.927683513545174,0.14988805521916104,0.42061225474796543,1.000317083503905,0.5492202054844089,2.0051902770367747,1.8621424986847197,0.7668084958965293,1.1288430354222094,2.542903038809368,-0.6118839607158443,0.3073377533439854,2.0283000341746673,-1.1439699025597094,-0.4101848390539331,-0.6295664131539949,-3.544053919452353,1.1498607203842626,1.9763082596929762,0.9308047553046159,0.7114043842022133,-0.2979107884944013,2.520426628094864,-0.21726654028824344,1.4091188785563786,-0.028586686745866258,0.0612740571026807,-0.3897801571066289,-0.9059503354700489,2.5957451063815125,-2.5956163338869116,-1.6026549594711723,-2.9384232180196364,-3.257778216340226,0.3748148785570773,-1.20756710745732,-3.060276786401602,1.476938589576286,0.3390525107196972,-0.06281475120391686,1.5502554059649722,1.40007072731498,5.61720504065852,2.414370940518522,-0.5180278201250264,-6.2029326373539675,-1.5874716522914372,0.9282157373393346,-2.58761842748818,1.3548377505487492,0.6308545116865757,-2.4926228847481395,-0.07738500403347101,-0.3261950205158013,-0.34823822565295703,2.49964809938754,-0.5878369994279857,7.426375173756079,1.8096904418969495,-0.2702626360760161,-2.697226781244723,3.3023123812126136,0.2790760303823892,-1.5303960193214547,0.19524753644014867,0.6252667261733562,4.196111101275016,1.015933223465606,2.155865562018141,1.1249375182904324,0.7924617562207075,2.8149624322820292,-0.6893905771856101,-2.6491909658979766,-0.14418783021372028,0.5493642010405331,-3.190389112880186,0.12269676804286234,-1.403766873706022,-0.09487023924570218,-1.3230587611025264,-0.4517799360575893,0.16208952545769661
1.0242552357727082,1.3283692021713118,1.4050350748397387,1.0118177384868836,1.8296001877139907,1.2064822822370058,1.1616702896148061,1.9455932925981185,-0.7420327790313684,0.8140839714142938,1.632458941027956,-0.2775678636162483,0.11183433608279009,1.8208521419144459,2.6081499718419447,0.5748176901804116,1.770342881075349,1.0700028365819194,0.2428920259438594,3.365492121080354,0.9656543333100379,4.323321512454963,-2.8076693094999436,0.031334820885181906,-1.5274012796317646,-1.3638002083919276,-3.0835868785333442,-2.193887432688388,-0.44584455777435206,0.7299045391149265,-1.7635172143561961,0.02896788907510628,0.5317286001309449,0.8555550914322964,1.3734176253840782,2.1915282799882667,-3.440714868677159,-2.5926099770733866,-0.9989059022775805,-0.30554146873779,2.5336605301126625,1.3239447752002464,0.6713388765293697,2.407793776153557,0.09122300451354293,0.38653956910891724,1.5815129334475013,0.00471368371717551,0.5531756813882467,1.9415178140324652,5.264815397436602,1.1713802583004223,3.947859683700694,2.852386143760972,0.8074285339865256,2.973454862798858,3.1881723737752745,-1.910023591911948,-1.4893429932682676,2.9593484184188803,-0.1903881635693414,-2.7806394931088843,1.8652481275750117,0.0022292184431845496,0.5483496418421416,0.3048023504341061,1.9287506942649884,0.18002376667026643,0.732706157176054,-0.3305828345329165,-3.135878612939063,1.5168050278343896,-0.7291796532854484,1.2572315157166798,1.432199920604807,-1.4840757228673525,0.26150882173351014,-3.4014103474587203,0.28888801343521897,0.722681740722527,-0.3096045633677683,-2.638883176315791,-1.7041308401844115,-1.0815978791887717,-1.9971950985973768,7.16249048776569,-1.7327135697524714,1.1715819837859085,2.503032101617813,6.060957936692747,-0.7004234516486249,1.9611740706127467,1.838526340433288,-1.7942820693827346,-4.276267553707749,-0.04231047423947398,2.1446504882759108,0.6649515814823495,0.06029916810699741,-2.752244268165625
0.8919873179246217,1.5404831933727345,1.987308605767101,-2.1304983835867963,-0.40910914417013716,-0.8116367368942999,-1.4950116074115916,0.36563168918995864,0.20783747464646707,-2.1231101495953792,1.1836440250556113,0.5121881492515717,0.6131092768055375,2.9511958809391103,0.49554909761266763,2.7226489716072493,1.1183518819683163,-1.5101134294520264,-0.6793468112738972,-1.4617430767664878,-1.3766312326424681,1.1644806295272092,-0.8165529279661194,1.5126908417028933,0.9696575529843023,0.25742650733540984,0.15909354417827493,1.5633025493109665,1.459941264409502,0.03649120653507831,-0.021822496391599944,-0.5727676875421305,0.38125411525765174,0.4646774033466605,0.9381407459085471,1.1789017351148618,-1.2617484392800027,-1.0794011086583657,0.21555549282953818,1.5787614725285792,0.239049279772098,-0.8686544016230996,-0.6073282786612633,-0.44179962942655127,-1.495786336853603,-0.09559598930526338,-0.925506868320673,-1.9409621155570613,-1.171084205534698,0.43331760947144965,1.283618826989697,-2.2524767038788887,-2.345182512421345,4.018738886198063,-2.2506725093834494,-0.8548232137829714,2.2337444678951326,-0.2964863102633454,-2.875382564262181,-0.47810143265365745,3.057710800024359,-0.6352603659546225,-2.5741002128594532,0.5099416563987161,-0.9937090974363442,0.45411325366619737,-0.6659218514388394,-4.621954430592029,2.625052304558853,0.07770458458106387,-0.31698990633434876,0.06949287712655802,0.5262187407264398,-1.056804229868447,-1.6775723116138075,-1.8694148083985895,-1.9000432959539915,0.23106603147893456,0.5516064066260121,-2.54029185134152,-2.1152389838398484,-0.8098586724079201,0.023383673702946695,-1.8381159505873266,-1.9775019130054967,-1.8198392480872756,2.9888131894779666,-1.947963146808551,-3.172313134814455,0.6038671544398403,2.2878873620089544,0.20039327169715332,1.2874569007183212,0.37799310492240673,1.1477702909624057,-1.9311719624358075,1.1794292036247642,0.49737922960581693,-0.998429878798005,-1.544599210644088
2.9970782894316814,0.9495472583792918,-1.0223128590315818,-0.22800766093718533,1.2173451016180419,0.6770979867822121,1.1603654559493115,0.05243127504367821,-0.8107541831321528,0.5786051511579722,-0.7933073506473904,-0.3088874298473951,-0.7527928356118178,0.15839049220868953,-1.3476427556722488,0.8384561045079333,0.8151733576603908,-0.8607203453427342,-0.6966320432416298,-1.7763010244040796,1.595623916845406,1.3059519196991354,2.844523095591626,-0.3359464917392157,-2.450334942209362,-0.6925725968393608,2.5356375904969353,-2.3831797981402367,-1.0178674730601884,-1.170701085149898,-2.5157796388141027,-1.5991325075801917,0.7150024151198138,-4.255478400396703,-1.0219975041429805,1.487500224488411,3.1120800150073733,0.32503746542823003,2.5980252921709557,-0.10849804548391122,2.743939358232852,5.5133169993081115,-0.0521121672965324,0.23640947129107015,0.8727643646137148,-0.21736276713664732,-0.5393295174268938,-1.2521184713129418,-0.8043670358813625,-2.2012370539041513,-0.8969620697089131,1.730110494002321,-5.184367998172355,0.6727506838948911,1.6753896051244066,-2.0800775529312574,-2.2542090297234627,1.6423122466657523,-0.12206995281213281,0.3673197926945782,2.294487228127889,1.4312102069588073,2.5862610108142414,-3.3155027725469464,-0.4073655971253392,-2.3764556746283207,0.6311510799043696,0.4437435514322039,-1.5670827827787401,0.4976444375271244,0.9826774462054186,-1.2270812752566294,-0.050182911906169636,1.8203997397522256,2.6371766691300302,1.1223218419578909,2.9578307184905612,-2.019122499575798,-0.3233742968358263,1.5190750789231657,-1.1263642641099827,-2.482924854983665,4.796881112493429,4.420520393132856,-0.21601032158575517,-3.3909127230840883,1.495217279256583,4.85193044382268,-0.9142414534472798,-3.9641160359049765,0.42493998207493977,-0.07129092216406874,-1.6509279084706538,-3.867596373479466,1.3015297964847603,-1.4274980539572841,-3.5222174161398314,-2.648071237791199,1.673227806089142,3.624796812190948
0.3083313138612736,-1.6054068484978297,1.1434149377845366,1.6693862607337322,0.20722427659496856,-1.340815778972726,-1.0346572061395922,2.2718862255473686,1.1896844918531044,-0.5400355527568423,2.7492506347477392,0.8933275333929671,0.39457377438095526,2.735807807351173,2.972073509091059,2.4937211534157897,-1.175077655164687,-0.4297061601397454,2.3009358971082,-0.721605022488138,2.245937979488058,-3.6052600679378037,-2.780627066990895,-0.48496860799549596,2.6755594939887763,2.400721818039269,-0.09648784830785528,-1.4668747248403111,0.21894042640959469,-0.4183771161891395,-0.958197174953351,3.621372199150622,-1.3096752764326276,0.27937813045458765,0.7062510764569829,-2.363299341456194,-0.36238526861793136,-2.6068118035121803,-0.18992609534694838,-1.503499595171142,-0.04203803010597282,-1.2262212663133625,-0.9043594878236136,-0.5385922273840622,1.9649435701319833,-1.2404297197075718,-1.4083747738209478,-0.003917408841693351,0.36489220805335715,1.649675809841177,-0.8334264485290971,1.184190857879189,2.643821841787979,3.0906644558562606,-0.5877336127076935,0.3842172971627176,1.7371166220147083,-1.2366868177620145,-4.514365994762748,3.1929176688660297,-1.4184373687915273,0.2924525984579118,-1.2534236768796962,0.8066934835623841,1.9821939436108167,0.45895085270125613,-0.7161289349398957,-3.3218211085390923,-0.33602033963922284,-2.454334047256866,-1.664376877772398,-0.12877625649419927,-2.9482376862950193,1.2295153140677004,3.596130354770682,-5.106563426535331,-0.9084541557606316,4.107616701405806,-3.241202558384414,-2.98417551264801,-0.9124980626972906,0.17634714995559386,0.06190563406809069,-0.08919567975632171,-1.2442518362968769,4.891529483422725,-0.9496417358435669,2.7650428393367017,5.096064954252647,2.0837169894127845,3.556759697917085,0.289869663063433,-0.02233786684014888,0.1167588552703589,-1.1380149008262008,-4.734159768313262,2.4631929512604454,0.34368353966532805,-0.40553845028441304,-7.589622127770524
0.6377620261947932,-2.478220166119835,0.15954614431915853,1.6347994598497113,-0.5218676298859302,1.5742572923522744,0.005172272434182539,0.08962336363967675,-0.6746089189209473,0.20995079552734186,1.8306805351331907,1.9143840505368828,1.8297193167026422,1.5533826568718174,2.711967807489032,-0.8588892806867687,1.0572793012417931,-0.3652107542645523,-0.8764164934686729,-0.22767452971803112,4.00142826600788,-1.0689677591806672,1.0088095406293378,0.7115620124359513,1.3846500977260576,4.715730644907351,-2.8627190316540956,-0.4045496601939503,1.318679732294926,-0.5211437053238065,-0.15026118960110502,-0.4632791752748713,0.6352001671726457,0.048510290723723926,-0.944541867175867,-3.598506784360103,0.04179921407359324,-0.7392741740723441,1.7493115370780086,0.4185075780355673,-1.2253737936604767,-2.428144466434372,0.08688898182333948,1.3098308282505156,2.4937213493767016,1.1263146351805293,-1.1333530309265543,3.2219734644050426,1.0519543589924722,2.9468140011315267,-7.439030735809862,-0.4352985249024878,1.2011206560961618,-0.509595631090505,-1.2380371206569885,-2.282412710662846,-1.23821832834439,0.7080139236873333,-2.1803444816998097,2.411484142723765,-0.9912432752901876,1.7939208304226764,2.04851134518884,-0.23184398524203442,-0.8618662786405604,-1.3597273226364595,0.12150042002206118,-0.2026192004616973,-0.594022483927686,-0.1541595236391856,-0.2169183737060854,3.215111830888112,2.9063022413963555,-0.23806515169346149,3.6920923900246185,4.347344026704644,1.2118680502105967,-0.3167300915366775,-0.2594991940823781,0.0338713435026512,-1.2744589099804902,2.125923403933794,-0.04645414994117375,1.7553799145492752,-3.38779674739249,-3.080510808795436,-1.6670396495910942,-0.2708574120555195,-0.21668858698273744,1.8017769038901341,3.62542700650103,-2.209799556611615,0.09375615866036413,-0.5909106444447135,1.642002647812009,6.3576429368479275,-1.1525761786607973,-0.3661257087117028,1.198767638448931,2.2412831530755097
0.46408110466068975,0.8049582924117273,0.7849995486844109,-1.526825791499463,1.243085046818932,-1.9637707239944195,0.19728226272749563,-0.3465997613887635,-0.3130828639765837,2.8875121520680724,2.5234401828506625,2.9187031730145594,-2.1930826842435978,-0.4268204327399665,1.0859129171394448,-0.6305213601827423,-0.15905558141125148,0.8168138947133543,-0.38649834975130337,0.8320583036038401,1.6983710186684053,3.89528546485138,0.17775349231328277,0.18934394378812158,0.4424599011661126,0.6186681260306812,-1.9786630914521477,0.1292185842088704,-1.0349556655566239,-2.012435771364424,-0.6844621690335796,2.2108658190741126,1.070995933971701,3.3292322040755407,-0.04828667953162552,-0.8746444525081145,-0.5317189041982747,-0.6279363444210473,-2.759684133471831,-1.0301892144930993,0.3137002638948154,-2.7345011251902345,3.5608612025930384,1.5644733853520063,-1.0094873153588564,-0.6348925143379276,1.4810868347648523,1.6280042744633574,0.34507251733309313,-2.3754196541203987,-1.0701461182155865,-2.046888841065582,1.5716945552779595,-0.5964021409003493,2.2947689555163766,-0.5714346068587824,-1.9188247616040763,-1.1529122909781704,-1.1473407642449664,0.44434920007122225,-1.042263752753538,-1.3255858867768515,1.2164074251543633,5.3926489262912725,-0.5804427456969466,1.7015585872841716,2.4645741657892772,4.833860280804453,0.03673216144461322,1.361279133462964,-3.239806434676074,-5.887763589510933,-1.0239471370164939,1.963049719187707,-0.7429488420609838,-3.392405086929389,2.36911814920662,-2.373081471261096,0.7698185309443726,1.6865635540328014,-0.5864394029757563,0.5458770429628756,0.2535688970979809,-0.5490058794198164,5.4860330560080355,1.6687013545746625,-0.8160378266252434,-1.943489118859659,3.7623193480479165,-0.448097293923979,0.6111277386781733,1.7283418067624567,-1.359560424768017,-0.7905915251159708,-5.171327025670285,-0.18679295920316763,-1.8622282665692802,-0.99288654913011,-0.07223847373329936,1.6340131092108983
-1.6253640055448941,-1.9150407710100874,-0.46139031234814426,-1.0987795710335517,-0.31099870711118716,-2.369644870776375,1.2735958212461795,-0.24213305620889247,-1.989347751030583,-0.6313001318497153,0.8698009528328287,-0.31844568448926325,0.5505698880383418,0.23525564983971764,1.1611519096598721,0.052116101716107005,-0.7832068761338163,2.276806122200134,-0.6863048216500687,-0.35621330520169014,-0.5200526608871723,-0.9889997250336842,-1.4581207173539745,1.7501528779468938,0.5134205410386405,2.3860147375142393,-0.1532551129402988,-3.8021970453617513,-1.6688892524926064,-0.2533047470805836,-3.0296501216340936,1.6056421764979902,-0.12115024045192707,2.8088230870672675,-2.085403308902831,-1.2074845897693298,1.1725943427416547,1.8570934678533317,-1.0191375595451988,-1.404146676681656,1.6675410194674085,0.4114490938535116,-0.8348362669628531,0.9985394925475675,3.3309658761774568,-0.9542677632385437,-0.9466073854610607,-2.251273261498193,-0.23670645235829182,-1.534785827600221,-3.6771871875818887,2.65652965016342,-1.8536305116142333,0.041848809854846986,-0.4757672093089203,-0.5017703287845185,1.9362082212039065,0.15878948593348677,-1.0999244418319964,-1.4758289279172656,3.681303486474694,1.0231043298113445,-0.8983862041845544,0.2717188420167467,3.1410611474210497,0.9174731016968131,1.8483117869414325,-0.5977373844196964,0.937637471920038,3.432285025355081,-2.302180197388889,-5.079871486235997,-0.8216616376011873,0.638466521973894,0.01130658895822717,-1.9385164306433715,-0.00853204907713423,-3.2722594155104994,0.04383338206246651,-0.517932810280811,-1.8972204565861865,-0.5771294319238828,0.2333680556312267,3.1683238414697397,-3.1525467899187967,-1.5034620958306337,-4.011150879513243,-1.7685733960514542,-0.8557222681910472,1.2408412420344956,0.7469767089161442,2.715381710873834,-1.2574745652657469,-0.9728142943139789,-3.3540847479351568,-3.0797887700040496,-0.5515172794321254,-2.2190415622721926,-1.0122503894130848,-0.02763959279096717
1.25839352144587,-1.2344600720363121,0.5304913326246492,-0.0005224483614764867,2.4049457617255485,2.2536276156599038,0.52190241370047,0.094914293412356,-1.3575802770836312,1.0385198199701855,-0.5352288267854944,0.4650331584724929,0.105377175003581,1.0994251432530002,0.7359726376730493,0.9172935180018444,-1.000266799268558,-0.9774173730448515,-0.507506543729882,0.7984422539213214,-0.10927211780624829,0.20836587147678337,-1.1294476315662108,0.09618205972591862,0.17520414138957574,2.8433097116558765,-0.9134046599636104,2.258289864361542,-1.7990024287743336,-1.4198872646385814,2.353406494621749,0.18812976020198433,-0.10707138185817189,0.4826829295527506,-3.29201848381357,2.8508053799280524,1.8138809587117908,1.3261747495646161,1.44265922488988,-1.6326906511044657,1.6918412603299413,0.6784838424874327,-0.2100564102749719,2.06294616836509,2.6057687823086217,0.23771780168625947,-2.1078483786013837,-0.19609603951647592,1.991401733112399,-5.28914329849395,-4.640357888192085,-0.703123917689747,0.6261522064432163,-0.032872922347635086,-0.37409985049874267,1.1664888391236177,-0.6630409050147574,1.7642823726316426,0.8981579290479503,-0.5295977214170279,0.10779662174621027,0.7784976228966342,1.3030333930150266,-2.636726306707449,-1.07480907454874,0.23464391970827214,0.5277822527632562,-2.482857398908567,-0.2846867700428579,-0.13534084031954077,0.2164774470760274,-2.2771181418275956,-1.07086223457929,-1.7658788440439466,0.2527585659432069,0.40541853283933427,2.922205092600323,-1.2558316091285546,-0.05910429480317356,3.7948358033381875,-0.10582987472531802,-1.2235222986023837,2.4520344205323013,2.442555180525436,1.43321331280035,-1.5248562258261742,2.565293635624421,-0.45983320249227083,-0.25260102056741346,-5.092130310313855,-1.5792373281633056,-2.30225141330151,-2.117602111539062,1.0169048289763123,5.369458705381744,1.7400032497315614,-0.10860372665972562,0.5277225614776121,-0.8666349582737827,1.6985627814603719
1.1325530960052155,-0.5722226180984549,0.7156883342281599,-0.3450577591551507,-0.7334481856863074,0.17723429520481188,2.0815570430426815,-0.486967174354004,-1.1106703881546147,1.1860993053260005,-0.4107649282099464,-1.0335036131376119,1.7534333514113989,-2.8203806019389637,-0.358029073124712,-0.6277322325089172,-0.007377719727219144,-0.24506521680367774,-0.77456263287858,2.4710511668814705,1.0186874183960342,0.6787486979309836,4.086138927577653,0.60244707412738,-0.16709770049091122,-1.2863802532985815,0.4222700314011875,-0.521611512843568,-0.2041841025447941,-0.4307805729446991,-3.0708213397750277,0.644422365013858,-3.2800704800028155,-1.4642053776456554,0.4090004982847449,-2.6530091102339584,-0.09122725211571361,-1.7027592729696657,-0.133987509906626,-0.2648563828591642,1.057758495577236,1.3848811635680547,-0.264738787805526,1.6887048598988095,-1.7356778522879228,2.18571458532916,-0.4551606523475499,2.6393435148410243,1.3002757915335639,0.0093664360598964,-0.6557146936870007,1.0608157301375876,2.1813536179030275,-2.213535083254946,0.13914222066776374,-0.5768129968443754,-1.8999361694867345,-0.35518266973806667,1.726321658481274,-2.9350582620987216,-2.891674554272061,0.7075756394900824,1.8226291400176442,-1.5182551251261498,0.300767201129436,-2.4382622069244873,0.8535801635517181,-1.472729120509846,-0.8923453797442841,-2.0832990949150823,-0.05594030205158185,-0.16271164029675073,4.921256152704448,-1.8202198754186583,-2.0080678591365917,2.2092407736484003,1.2394210168940138,3.8538288837602264,2.5503925515587977,4.889179754490897,-0.24214890631676658,0.1101537519249178,0.17860352250522868,-0.06797099201072195,-1.7774734783573178,-0.9577377267621243,-0.0777930378395153,-1.298873840433432,-7.182092598119214,-1.4094049587247277,-3.8460387281271182,-1.270472351041167,-1.923459876632118,0.8428720472965372,-4.9046942359097665,3.092856214394698,-0.8353842409906054,-2.6188748577856615,-0.6317907818962256,2.9272760192215546
0.5831214468638524,-1.9538249199109992,1.1066347182504348,1.1227984033818017,-0.794919402163488,-0.532880208625556,0.039288127613623706,-1.983382118319713,0.9153260900727218,0.24616014189880897,-0.31492956370370634,1.1916519328065087,-0.5162563246132978,-1.079301089799157,-0.1712251489727927,0.5894434127629222,-2.8544089253416147,2.325743108697835,-0.4897154341529018,2.7621777230328095,0.09573263927156993,4.487460610448095,-0.5806036526836529,0.7580568697322998,0.6089593904726899,2.176542312531146,-0.7751545639591484,2.188941230798668,-0.3037093344852493,0.020026170635946566,1.044235186403846,-1.473118506950678,-1.6719907207399434,-1.0456225623381767,-0.9761283881362959,-0.8866529086101597,-0.6052828729027486,2.2913556771647077,-1.241107834415441,-0.30203708505103344,0.14764348751711212,0.3755508692414592,2.244250432069424,-0.33172250880580295,1.0996742047997081,0.40204164000134873,2.122743237971616,-0.9194975554589953,1.095680342460843,-0.9708714832139945,-0.21687461671888458,-1.6252841095423394,0.6748628225762108,0.02112911864764204,1.3867206813482138,0.44472461214937326,-2.010831199503545,0.5978594319743986,0.692931387182969,1.7391237467535823,0.6803912207942657,0.450009879719546,-1.8693083004094542,-1.3560280045356257,-3.239452110363905,1.3692146865153636,3.020776464093555,1.5165222556145865,2.3767338105529867,0.7596629883251776,0.1463590940493465,-2.766147754583058,-1.045929754088316,-0.7073801503373425,-1.0978883606981136,1.5051840683501834,1.5795976708063135,-1.0837343956861276,0.5513947386408978,3.638878703518823,-0.30129049609311115,1.112103016484987,4.462469471517838,2.978888469134939,1.3135997197112514,0.9503788725327493,3.516617345846938,-0.6638444203987696,1.8933514151953639,-5.550262459811551,1.9232455050894544,-1.8904293294784542,-0.7466035517080181,-3.2010918631964906,5.469418402165095,4.685070167925154,-2.581296098686562,0.09556024148647158,0.590143921368389,7.683010269070348
-0.6477988771155399,1.7888321537969643,-0.7339966357038319,-1.3397096966975208,-0.8118446428603806,-1.637141598869331,-4.112049773540194,2.5153375511978884,1.6275921812994758,-0.38271083303318104,2.078960514264904,0.0807540007584669,2.152521180124955,-1.1376595226297215,1.1917428335515738,-2.805314400762688,0.769621023507244,-0.019926157844603276,-0.14133394752885392,0.8930657610848813,-1.6499124690080813,-1.1927383251962196,3.311600344829891,-2.4823952344392297,-2.4175754765576736,1.0430626691667821,-2.8963071765778983,1.1640026110836785,-0.050837322150698916,2.8591598487348637,0.9003750061732199,2.427647891672823,1.129278332051329,0.30729039978368256,-0.2558317169188609,2.068406925020687,-0.020666135788862564,0.5151080081514164,-1.0386920110420188,-2.2065705514079106,1.1132894649217273,0.9186448058449996,2.198323103961119,0.09506441517429981,-0.968276315113963,-1.1248422222139807,0.90953246226194,2.3671316602524386,-0.5000156680499366,-0.772872723151502,1.359803959741655,-1.0868153569842252,-0.18494491906778243,0.4494543724324797,-0.4705244970763041,1.9935272170093974,1.432415393054083,1.3620569608502875,1.148860903009415,-2.4293613610510496,-3.0522614907943324,-1.8169754099930788,1.401034638345314,4.806348044021916,1.7355101095836178,-1.3604248231629836,0.6013080932856634,2.676540085587805,1.3796942779281636,-1.795983433184695,-1.3548000746645321,0.05752226813264483,4.774626508082013,1.5341665893936607,0.9384901649460919,1.218668579358443,-1.4524316122357017,-3.2351939679487955,0.19537318364256578,2.52201705540378,-2.240229325196125,-0.23562111155752696,0.38409982102149154,-2.460224185736566,1.6996919530248782,1.802258582098538,0.13797829223261837,1.4741854273420647,-1.2097369967847973,0.8048504846207585,-0.9873371733414911,-0.31609056223794635,-0.40950540912965594,0.4669226874884301,-2.224590461173028,1.4429976538256275,-0.8172220071540317,-2.857391607176073,-2.4159329224489117,0.553321594265555
-1.5971504994305543,1.2469870293402485,-0.8892500681237777,1.48671589952545,0.4075110040013433,-4.403067570202479,1.564725973125719,1.80376987682249,-1.8541358490100253,-0.7107403333243849,-0.30284146623640207,0.2997116447308152,-1.4977459057046865,-0.49086549566150506,-0.4640892997297739,0.04984326047841087,0.39043811720351945,6.127371116574637,-2.39640973906856,-0.42972132357977855,-0.6183158921596347,-2.56030537286051,-1.7396468319231286,-2.556545459360523,1.3537706090013986,-2.289587263640529,-1.8249396882779707,-0.7098158177369172,-3.301317840865588,2.354100781934549,-4.003413898059139,-1.1994823055333756,-0.363337657436411,0.5629678236237429,0.5382788264372043,-2.131171485954042,-1.1016376130800127,-0.8588590103468774,3.778416667570042,2.8037301331522198,1.2875694363844654,-2.1912804649497817,1.0060027486810441,2.8460736307416292,0.05258098158065755,4.201415857011682,-1.2787201891912323,1.0999765788087537,1.2019005291973808,-1.5268991918192294,1.1389416449665712,0.5371173265651203,-0.06529520386968168,-1.850047136311397,1.0965611561010589,-0.1560941975993553,-2.156030142989874,-2.3832581606320797,-0.6103992928475055,3.570417302137183,-1.3544883895990867,0.4349905080566506,0.05572677362601047,-2.3358529418154115,0.3561423626113782,-0.002468138638603734,-1.5328839976757669,-0.09066522648407838,1.1792408938653847,-0.07880376413902078,-2.564145736338932,0.9592291974852724,-0.7347867958852496,-3.203040788947018,2.9017632691457775,0.9461095830468995,-2.3787442826757053,0.4591064205666995,-1.707152432108035,1.9263449771654841,0.10105234181231837,1.594182801243533,-0.44809020967625546,-0.37835844521409445,-1.361801454074416,1.8350521638644848,-3.138223610487815,1.0165883059515974,-0.8289213485870379,3.3292485405053753,1.6746552128176362,1.6888162254813734,1.4423012401139383,-0.9931738854346421,-0.08643898915195547,0.26934144260939014,-1.7037409746797305,-1.2742417420084187,-2.09674045527421,1.8026860581935693
0.8696262818103738,-1.0013799396142906,0.18706668151683686,1.6337666532236301,-1.941132074059488,-0.5971170946595519,1.048896094455536,-3.363333351224978,1.0993567328081568,1.4283622133854992,-0.2376249342822288,0.5131215897042319,1.3627204077949524,1.8700132618884828,-0.907729906493188,0.06817001907740788,-0.4511287488958042,0.6174152447543152,2.167335617893573,-1.1238921583160624,-0.3849617034378048,1.1769336975212377,-2.5924962599070644,-1.3721694985800164,-0.30058583362357827,3.4901557107337724,1.8226156793004349,-0.5180740960252216,-3.3036963174834915,-1.7907786381234438,-2.758621010103759,1.7279448730426747,-4.205436329184337,-3.5695936413555813,-1.7723714737913283,-0.6133063343111784,1.6092216799767527,-0.049425169569605965,-0.9597059933099914,-1.5678385496341258,3.1609725447070365,1.2910943596784326,0.9771265366400912,0.8786861804874927,1.3113024413453342,1.932458987972255,-0.7350449686447912,-0.26677603767460356,-1.3433198840390146,-0.6666108019481436,-4.103959516325913,0.0009068189402707816,0.758541356481341,1.772357761193766,-2.191226124714844,2.3297078757854166,4.0042705969868395,-0.6733696716684707,0.6050208462831919,-2.7765292715517758,-0.32247316554044636,2.736401247831578,4.04113593626578,1.3850528614167557,-0.6438981094838669,0.39425704516663007,0.012630589809649706,-0.526248299665592,-1.2525625578396027,1.995936567192469,0.9069226926895265,-2.2845091521875305,-5.695591985394923,-1.809759734505878,-1.4284001076429704,-5.60785323604794,-2.588721470276509,-2.7200709994955012,2.0994012372618136,3.8169379020590397,1.840427107524143,-2.8128091919154907,-4.010128741300164,-3.030943760441332,0.5610239064205133,3.1083483312028024,2.8678103203021528,0.18410547429703855,-0.13367326907779803,-4.615395634433385,-3.1413930374487053,0.855684305157303,2.561142745127238,-1.7930277144017794,-5.234685614340963,-5.16526305602911,3.1197990802906483,1.4992051762614782,-2.802005262475791,-5.863657293061074
-0.017245831098013437,2.194523107988912,-0.8840704716136519,-0.5060196339876188,0.16992213762331032,0.23851225681845278,-2.991852934438196,0.30274045888762474,-0.22726645616814264,-0.6970031310982299,-0.12180550114505438,-0.7170775996456681,-1.8662163873216546,0.4457565349872472,0.015513244148370863,1.303801257384432,-1.0155306668619528,1.1261161227538392,-0.4531834364781035,1.732125492022466,-0.06338358946656811,2.680911552119984,-0.40257821252693404,-0.7216974994035095,0.3442466995949264,-3.4901031226959627,-0.7784179626641146,-0.7774688615896408,1.811198388265776,0.5344199665207537,1.1055962523665173,-1.1172876128266216,0.5023473198669588,1.0703666744715008,0.5030085878429387,0.8329814590839019,1.1809151914616285,1.9401068063422102,-0.6571166874776448,4.176185859931373,-0.518439404646101,-3.9341873189197507,0.08395566709631551,-0.7038749852389543,0.7235581567992462,1.372985451490411,-1.6295585033012956,0.3430224385126506,1.0898309645340034,0.018954525158481283,3.5516254454294653,-0.6857293023468057,0.6642844694144765,1.7645169633674302,1.3330480746729096,-1.6329820600890061,-1.5772418688098124,0.9696205145016349,0.5038308177025498,2.6961652224017465,1.1060666571756295,-2.527581819381593,-1.824297993907357,-0.9217526902511695,-2.337494751951733,-2.201176530338654,1.1319475480832877,-0.6084916826118593,-0.5697080232777366,-0.6375066108111637,0.8513413572944937,0.9232483698614288,1.4714444871350736,-1.6171018885777997,0.09239396990942317,4.163747859645289,2.2254293643425633,-1.08271499157884,0.6405396058204961,-2.8150894383348852,2.8880878555594456,0.036819958798835206,0.6009625189316579,1.804653486041006,0.13097932155833636,1.0952855499292202,0.5147250986858262,-0.6747420311194251,2.128415479917041,-3.290721354278312,-2.0901647790270164,-1.9297181738894071,-0.07027369470852618,1.1540077857719064,3.00932967477802,2.9928889212476966,-2.289380372160782,2.222709779030075,0.40838986593771254,10.272820440722619
0.24482146048880532,-0.8510515957867761,3.3289900178388945,-1.965372059390242,-0.028491995996682666,-0.3596935972552081,-1.4564596134946732,-1.1315800903725626,0.15544818712308456,-0.043436227840287944,0.556255863626569,2.816592883236802,-0.5524938448378096,0.10993135683911939,0.6379366344036723,1.6924144606349676,-2.9067807248951594,-1.2522243933193935,-0.08946681477940535,0.2760937719770597,0.8988628535289881,-0.2601321102497482,-0.8415030014775899,0.56625847847473,1.6717183965639544,1.0112937013984582,-1.024448879963069,-1.2384939108696857,1.7679945508876462,2.6953742570694503,1.0144385373436404,2.911949685666238,1.8033539437966781,2.7639107332683808,-0.8126613381420704,-0.35582468887236113,-0.7599251485815491,0.33648597013036297,-0.19864636461168272,1.617443500079696,0.5825584232810513,-5.27018288737978,-0.753283805746846,-0.3188342318366999,-1.0261229406422014,-0.10715833892723163,-0.9328358848865708,-0.1930982656513684,-1.9424198654254565,-0.9454084846286996,0.3336838682815425,-1.346878748125505,5.562076102049265,1.0434417733803172,0.26968416968123604,-1.669661897530322,-2.515824245077466,3.3743750092684297,-3.9065070394179617,1.834649714986736,-0.7519013385567848,1.314527587612688,-0.038546286339142144,1.9117865683167543,-1.3672105536831713,-0.8159085930278892,3.3458023006424957,-0.13937786391369478,-2.6451327554015185,3.142301652459444,-1.3336869165403378,3.2563493435866455,-0.4321500080196772,1.0769429435769948,1.0358899939702493,-0.37698043560728156,0.08786722629432475,-0.894429470309989,2.729765933696497,-0.5406466087980327,-1.3003847772548296,-0.8563759119357314,0.3702634393834977,0.6634088797486131,-0.651180566665944,5.599210195583408,0.961172693232242,-0.043306762228419275,-0.47414292110029566,-6.545465913415647,-0.13008269226891012,0.8719307162035359,-0.11537094529288613,-1.437321685918989,1.365613686391678,0.35664528596928735,-1.125921465044314,-0.9583265913266337,-2.152311160634611,2.0783283839609865
-2.577462924104521,0.3252711060811725,1.5441365166275163,-0.26889952559607266,1.9373016770163953,-0.5542468939393964,0.6431189463735143,1.621520198178666,-2.856909636968057,3.4378946433433004,0.4550636393744726,-1.7813734152093794,0.505076624281839,1.360771017357036,-2.0480885844711114,0.2867976000420466,-0.45326568884607815,0.8060467220952942,-0.7580602861641905,1.692789607344878,1.9335499668089764,0.514452992196427,-2.573861755900235,-0.5260255352727317,2.30062810522196,-0.3944534893166819,0.8801698524688321,0.17508131253018436,-2.1643318541330405,-1.3251428170799862,-0.907780610591312,-0.40067020291086686,2.1331319485029026,-0.17372276353563043,0.9848599914764702,0.4977830290488022,-0.20814157589509752,1.8173940367560886,-1.4468522052119224,0.28036480829819876,3.0482806996597853,-1.4512233556699141,-1.6541360145120203,2.7801851457464384,-1.9967914031692833,-1.1891764627126047,0.12060154327950384,0.4354844310230631,1.2170872539052922,-4.032854056131254,-0.33772122609818206,0.9788601637505868,1.0097530112669741,0.536570188959328,-1.4592792864571849,-0.17268360590784929,3.9732312501687943,1.208849904198872,-2.177821091837589,4.084871749862613,0.34057601944222127,0.13038941881006616,4.3067843708875255,-1.701618264114796,-2.860165209607408,0.8491991917793239,0.9393247191956674,-0.5889912628123591,-1.35533900262635,-0.8215862169505745,-1.8765602055936672,1.4370824274032752,-1.4872661062915031,-2.8937189927066553,4.323609710897203,-0.13266272356890346,1.3109691422020129,1.87374912108493,-3.273777993468413,-1.1201335054368755,-1.2886931536950912,-2.4936882192781806,-0.32933427263000814,-0.968488464435549,-1.302205433647381,-0.3328989758118883,0.7909429025307766,0.7254235901696426,3.2524972772590894,4.206367077521583,-0.10242072773976107,2.5330833600633675,-0.9811330672729123,0.3632626335554556,0.8850023504677486,-0.2518322600989932,0.09160876954827589,0.6865454157730992,-0.496156469896596,1.749345046200823
-1.130298084905858,-0.13028128672349149,-1.2291256728031925,-0.33306104164267025,2.1857792023618514,-0.8358780726342577,-0.7352590210913825,-0.04107057699813254,-0.8938841065975734,-2.5059975655733537,2.6288387784303673,-0.6623185075035932,0.11171612247745817,1.1717826340943562,-1.8112921429476627,-0.32532197377390704,0.8918498476313417,-0.5244478237502754,1.9786493928033508,-1.401523717437808,1.3182218994644763,1.7553558773615094,-0.5406819567284687,2.204515382776351,1.7737605056351067,1.3538577397253753,-1.2219107440073906,-0.3173562279431892,1.721627473016029,-0.46755711497539826,-0.03506780362624218,0.9049224893465484,-0.7667817103581802,-2.849425109375182,2.9058313396311917,-0.8206659339985287,-0.18166982907754994,-0.6650092652506668,-1.0087764848365013,0.7791242836830613,-2.0562997875146203,-3.801126632035215,-0.9842239170066871,-3.1066371581086183,-2.1143964186484037,0.36502030653791023,-0.06974396009893748,-0.6463421932992883,0.6865335636932235,-0.6995721658050293,-1.3716771191681945,3.330159456212513,2.6708919141577088,-0.5029582209741674,1.2862935077222926,1.1963184662577877,-2.2795421834383314,1.1018605893610365,-4.76201998827875,-1.3084856756776495,-2.4128392073469405,-0.7933925018913708,-2.7444844387789677,1.3398888340167954,-0.5755980495240712,1.5987857571640696,-0.06184165763270855,-0.11971793057882474,1.0536945440434007,-0.5979776700298858,2.34833331359635,1.405623266400677,-1.560804650159692,1.1248777193216102,-1.4057955780010736,-4.573323116261517,1.0590858737563837,1.3811752792375374,-1.3645099984608007,-0.5090648680853629,1.8809042569647716,1.8623606936002963,2.3276883613007002,-1.2132645093046945,1.2030840005105623,-1.4285488991616366,-2.1256844607544347,1.845064442342521,-0.49517714598520224,4.036977838123532,7.496556706461015,4.411931350459064,-0.19111874427917447,-2.3676696968477056,2.7957329292292306,-3.478678223331746,1.344760072293249,0.8093716863983675,-1.9716963167685047,-1.1891814466102795
1.9455297582216056,1.5282179381322787,-0.36613583829915514,-0.33893797349817817,3.172585847611247,1.6663617605975385,-1.603234766988722,-0.003348538612736327,-1.1064670149831146,-1.3014276758469219,-0.6992630774348926,-0.04823373315181716,0.3132173385167352,0.580655660113973,1.8394052172207038,-0.4911999698564634,5.440600411099727,-0.4168398653522099,-0.9418839363608723,-1.43675743398019,1.4624250546750455,-1.4660901262128028,0.8703340714003486,1.2737875523269753,2.142642221499536,-0.7563026807392641,-1.002303247239711,-0.2561654406105298,0.965462982454786,-0.5216600783111128,0.6995031512983669,1.281511221135458,-0.13390099184342785,1.2573608071297377,-4.493606155957803,-1.2139255728206313,0.3327267067931113,2.3481251263216567,-2.337967793693394,0.43101787306210537,-0.5689382059456197,-2.9693389618682806,-1.1376938721574215,1.3400793327331009,5.727964844056965,0.12945920589002619,0.8650358176244147,-1.3046544531656117,-1.6078659472687906,-1.1102119391957026,1.7833603041153094,0.12054209591796397,1.1255203822858335,-2.5234747227086363,1.4970675441008847,-0.4994256857319147,-2.763444625146048,2.5937082342712374,1.1801756125793956,-2.025942982154126,1.2921334165659515,1.61808026244701,-2.687414420368851,1.2451158588451776,-1.683505762158767,3.190137027498909,1.7470817889763097,0.12177250129184891,2.3925367713937407,0.37277920255756763,1.056449869636122,-0.7526851285798086,-0.9427203720123141,1.5645440329361282,-2.0176958661170312,-2.7498968244314064,-0.48951069380266365,1.0814283689718942,0.9619988470019628,-2.6941805971877244,-1.8646455574371055,-1.6764819943222014,2.4152307128230532,0.7592585414787612,-0.1415852637435795,-0.6499434478780177,-2.84590887454387,-1.6308575000507433,0.8335974623465168,5.484344827811676,-0.5121546654037916,0.9764469704657852,-1.847686383491301,1.3518942837918813,-1.3775789046168416,-0.3763273147986774,0.15113606683769099,1.4991865282367023,-2.372150214211588,-0.06182004111525852
